concept_name,Classic symptoms of hyperglycemia,,,,,,,,
concept_type,finding,,,,,,,,
role,observation,,,,,,,,
sources,ada-guidelines-2024_md,,,,,,,,
context,plasma glucose** ≥200 mg/dL (11.1 mmol/L) in a patient with classic symptoms of hyperglycemia or hyperglycemic crisis ### Prediabetes Criteria - **FPG**: 100–125 mg/dL,,,,,,,,
lookup_query,Classic symptoms of hyperglycemia,,,,,,,,
lookup_notes,,,,,,,,,
,,,,,,,,,
Instructions:,"You can approve expansions or individual codes. Approving an expansion is an intentional valueset, whereas individual codes are extensional rules.",,,,,,,,
,The expansions are shown naturally in the individual codes table as of {date} with version {version},,,,,,,,
,"If you choose to include an expansion and individual codes, both rules will apply, however the resulting set will be deduplicated.",,,,,,,,
,,,,,,,,,
Expansions:,,,,,,,,,
include/exclude,system,expansion,rationale,,,,,,
,,,,,,,,,
Individual Codes:,,,,,,,,,
include/exclude,system,code,display,distance,confidence,row_type,relation,related_code,comments
