concept_name,Fasting plasma glucose,,,,,,,,
concept_type,observable entity,,,,,,,,
role,observation,,,,,,,,
sources,ada-guidelines-2024,,,,,,,,
context,is diagnosed by any one of the following criteria: 1. **Fasting plasma glucose (FPG)** ≥126 mg/dL (7.0 mmol/L) — fasting defined as no,,,,,,,,
lookup_query,fasting plasma glucose,,,,,,,,
lookup_notes,,,,,,,,,
,,,,,,,,,
Instructions:,"You can approve expansions or individual codes. Approving an expansion is an intentional valueset, whereas individual codes are extensional rules.",,,,,,,,
,The expansions are shown naturally in the individual codes table as of {date} with version {version},,,,,,,,
,"If you choose to include an expansion and individual codes, both rules will apply, however the resulting set will be deduplicated.",,,,,,,,
,,,,,,,,,
Expansions:,,,,,,,,,
include/exclude,system,expansion,rationale,,,,,,
,,,,,,,,,
Individual Codes:,,,,,,,,,
include/exclude,system,code,display,distance,confidence,row_type,relation,related_code,comments
include,http://loinc.org,1558-6,Fasting glucose [Mass/volume] in Serum or Plasma,,,candidate,,,
