concept_name,First-degree relative with diabetes,,,,,,,,
concept_type,condition,,,,,,,,
role,risk-factor,,,,,,,,
sources,ada-guidelines-2024_md,,,,,,,,
context,"have one or more additional risk factors for diabetes: - First-degree relative with diabetes - High-risk race or ethnicity (e.g., African American, Latino, Native",,,,,,,,
lookup_query,First-degree relative with diabetes,,,,,,,,
lookup_notes,,,,,,,,,
,,,,,,,,,
Instructions:,"You can approve expansions or individual codes. Approving an expansion is an intentional valueset, whereas individual codes are extensional rules.",,,,,,,,
,The expansions are shown naturally in the individual codes table as of {date} with version {version},,,,,,,,
,"If you choose to include an expansion and individual codes, both rules will apply, however the resulting set will be deduplicated.",,,,,,,,
,,,,,,,,,
Expansions:,,,,,,,,,
include/exclude,system,expansion,rationale,,,,,,
,,,,,,,,,
Individual Codes:,,,,,,,,,
include/exclude,system,code,display,distance,confidence,row_type,relation,related_code,comments
