concept_name,Hemoglobin A1c,,,,,,,,
concept_type,lab,,,,,,,,
role,outcome,,,,,,,,
sources,ada-guidelines-2024_md,,,,,,,,
context,,,,,,,,,
lookup_query,Hemoglobin A1c,,,,,,,,
lookup_notes,Active LOINC retained with percent UCUM unit support. SNOMED hemoglobin A1c level results were inactive measurement concepts at extract stage.,,,,,,,,
,,,,,,,,,
Instructions:,"You can approve expansions or individual codes. Approving an expansion is an intentional valueset, whereas individual codes are extensional rules.",,,,,,,,
,The expansions are shown naturally in the individual codes table as of {date} with version {version},,,,,,,,
,"If you choose to include an expansion and individual codes, both rules will apply, however the resulting set will be deduplicated.",,,,,,,,
,,,,,,,,,
Expansions:,,,,,,,,,
include/exclude,system,expansion,rationale,,,,,,
,,,,,,,,,
Individual Codes:,,,,,,,,,
include/exclude,system,code,display,distance,confidence,row_type,relation,related_code,comments
include,http://loinc.org,4548-4,"HbA1c/Total Hgb, Blood",0.12408936007455851,high,candidate,,,
