concept_name,History of cardiovascular disease,,,,,,,,
concept_type,condition,,,,,,,,
role,comorbidity;risk-factor,,,,,,,,
sources,ada-guidelines-2024_md,,,,,,,,
context,"African American, Latino, Native American, Asian American, Pacific Islander) - History of cardiovascular disease - Hypertension (≥140/90 mmHg or on therapy for hypertension) -",,,,,,,,
lookup_query,History of cardiovascular disease,,,,,,,,
lookup_notes,,,,,,,,,
,,,,,,,,,
Instructions:,"You can approve expansions or individual codes. Approving an expansion is an intentional valueset, whereas individual codes are extensional rules.",,,,,,,,
,The expansions are shown naturally in the individual codes table as of {date} with version {version},,,,,,,,
,"If you choose to include an expansion and individual codes, both rules will apply, however the resulting set will be deduplicated.",,,,,,,,
,,,,,,,,,
Expansions:,,,,,,,,,
include/exclude,system,expansion,rationale,,,,,,
,,,,,,,,,
Individual Codes:,,,,,,,,,
include/exclude,system,code,display,distance,confidence,row_type,relation,related_code,comments
