concept_name,Human immunodeficiency virus infection,,,,,,,,
concept_type,condition,,,,,,,,
role,comorbidity;risk-factor,,,,,,,,
sources,ada-guidelines-2024_md,,,,,,,,
context,,,,,,,,,
lookup_query,Human immunodeficiency virus infection,,,,,,,,
lookup_notes,"ICD-10 candidates skewed to HIV disease, pregnancy-specific disease, or screening status; SNOMED retained as the extract-stage core code.",,,,,,,,
,,,,,,,,,
Instructions:,"You can approve expansions or individual codes. Approving an expansion is an intentional valueset, whereas individual codes are extensional rules.",,,,,,,,
,The expansions are shown naturally in the individual codes table as of {date} with version {version},,,,,,,,
,"If you choose to include an expansion and individual codes, both rules will apply, however the resulting set will be deduplicated.",,,,,,,,
,,,,,,,,,
Expansions:,,,,,,,,,
include/exclude,system,expansion,rationale,,,,,,
,,,,,,,,,
Individual Codes:,,,,,,,,,
include/exclude,system,code,display,distance,confidence,row_type,relation,related_code,comments
include,http://snomed.info/sct,86406008,Human immunodeficiency virus infection,0.0,high,candidate,,,
