concept_name,Intensive behavioral lifestyle intervention,,,,,,,,
concept_type,procedure,,,,,,,,
role,intervention,,,,,,,,
sources,ada-guidelines-2024_md,,,,,,,,
context,"tolerance (IGT) - **A1C**: 5.7–6.4% (39–47 mmol/mol) **Recommendation:** Refer to intensive behavioral lifestyle intervention program (e.g., DPP-modeled program). ### High-Risk Populations People with prediabetes,",,,,,,,,
lookup_query,Intensive behavioral lifestyle intervention,,,,,,,,
lookup_notes,,,,,,,,,
,,,,,,,,,
Instructions:,"You can approve expansions or individual codes. Approving an expansion is an intentional valueset, whereas individual codes are extensional rules.",,,,,,,,
,The expansions are shown naturally in the individual codes table as of {date} with version {version},,,,,,,,
,"If you choose to include an expansion and individual codes, both rules will apply, however the resulting set will be deduplicated.",,,,,,,,
,,,,,,,,,
Expansions:,,,,,,,,,
include/exclude,system,expansion,rationale,,,,,,
,,,,,,,,,
Individual Codes:,,,,,,,,,
include/exclude,system,code,display,distance,confidence,row_type,relation,related_code,comments
