concept_name,Physical inactivity,,,,,,,,
concept_type,term,,,,,,,,
role,risk-factor,,,,,,,,
sources,ada-guidelines-2024_md,,,,,,,,
context,"(2.82 mmol/L) - Women with polycystic ovary syndrome (PCOS) - Physical inactivity - Other clinical conditions associated with insulin resistance (e.g., severe",,,,,,,,
lookup_query,Physical inactivity,,,,,,,,
lookup_notes,,,,,,,,,
,,,,,,,,,
Instructions:,"You can approve expansions or individual codes. Approving an expansion is an intentional valueset, whereas individual codes are extensional rules.",,,,,,,,
,The expansions are shown naturally in the individual codes table as of {date} with version {version},,,,,,,,
,"If you choose to include an expansion and individual codes, both rules will apply, however the resulting set will be deduplicated.",,,,,,,,
,,,,,,,,,
Expansions:,,,,,,,,,
include/exclude,system,expansion,rationale,,,,,,
,,,,,,,,,
Individual Codes:,,,,,,,,,
include/exclude,system,code,display,distance,confidence,row_type,relation,related_code,comments
