concept_name,Random plasma glucose,,,,,,,,
concept_type,lab,,,,,,,,
role,outcome,,,,,,,,
sources,ada-guidelines-2024_md,,,,,,,,
context,by the NGSP and standardized to the DCCT assay 4. **Random plasma glucose** ≥200 mg/dL (11.1 mmol/L) in a patient with classic symptoms,,,,,,,,
lookup_query,Random plasma glucose,,,,,,,,
lookup_notes,,,,,,,,,
,,,,,,,,,
Instructions:,"You can approve expansions or individual codes. Approving an expansion is an intentional valueset, whereas individual codes are extensional rules.",,,,,,,,
,The expansions are shown naturally in the individual codes table as of {date} with version {version},,,,,,,,
,"If you choose to include an expansion and individual codes, both rules will apply, however the resulting set will be deduplicated.",,,,,,,,
,,,,,,,,,
Expansions:,,,,,,,,,
include/exclude,system,expansion,rationale,,,,,,
,,,,,,,,,
Individual Codes:,,,,,,,,,
include/exclude,system,code,display,distance,confidence,row_type,relation,related_code,comments
